<TICKER>,<PER>,<DATE>,<TIME>,<OPEN>,<HIGH>,<LOW>,<CLOSE>,<VOL>
YNDX,1,20190114,100000,1985,1988.5,1981,1981,455
YNDX,1,20190114,100100,1983.5,1984.5,1982,1982,142
YNDX,1,20190114,100200,1984,1989.5,1982,1985.5,673
YNDX,1,20190114,100300,1986.5,1990,1984.5,1987.5,1200
YNDX,1,20190114,100400,1988.5,1989,1986,1988,215
YNDX,1,20190114,100500,1986,1987.5,1985,1985,295
YNDX,1,20190114,100600,1985,1987,1984,1985,146
YNDX,1,20190114,100700,1985,1986,1984,1984,241
YNDX,1,20190114,100800,1985,1987,1984,1987,146
YNDX,1,20190114,100900,1987.5,1988.5,1987.5,1988,75
YNDX,1,20190114,101000,1988,1989,1987.5,1988,628
YNDX,1,20190114,101100,1986.5,1986.5,1985.5,1986,92
YNDX,1,20190114,101200,1986,1987.5,1984,1985,1827
YNDX,1,20190114,101300,1984,1986,1984,1986,1297
YNDX,1,20190114,101400,1985,1986,1984.5,1984.5,149
YNDX,1,20190114,101500,1984.5,1986,1984.5,1985,93
YNDX,1,20190114,101600,1985,1986,1984.5,1986,150
YNDX,1,20190114,101700,1984.5,1986.5,1984.5,1984.5,513
YNDX,1,20190114,101800,1984.5,1986,1984.5,1986,174
YNDX,1,20190114,101900,1984.5,1986,1984.5,1986,15
YNDX,1,20190114,102000,1984.5,1984.5,1984,1984,84
YNDX,1,20190114,102100,1984,1986,1984,1984.5,53
YNDX,1,20190114,102200,1984.5,1985.5,1984.5,1984.5,11
YNDX,1,20190114,102300,1985.5,1985.5,1984,1984,70
YNDX,1,20190114,102400,1985,1985,1984,1984,159
YNDX,1,20190114,102500,1984,1985,1984,1985,252
YNDX,1,20190114,102600,1986,1986,1984,1984,216
YNDX,1,20190114,102700,1984,1985.5,1984,1985.5,223
YNDX,1,20190114,102800,1984,1986,1984,1984.5,329
YNDX,1,20190114,102900,1984.5,1985,1984,1985,28
YNDX,1,20190114,103000,1984,1985,1983.5,1985,265
YNDX,1,20190114,103100,1983.5,1985,1983,1985,40
YNDX,1,20190114,103200,1985,1985,1983,1983,10
YNDX,1,20190114,103300,1985,1985,1983,1984.5,80
YNDX,1,20190114,103400,1984.5,1984.5,1983,1983,129
YNDX,1,20190114,103500,1984.5,1984.5,1983,1983,116
YNDX,1,20190114,103600,1983,1983.5,1983,1983.5,134
YNDX,1,20190114,103700,1983,1984.5,1982,1982.5,367
YNDX,1,20190114,103800,1984.5,1985,1984,1985,508
YNDX,1,20190114,103900,1984,1988,1982.5,1988,1110
YNDX,1,20190114,104000,1987.5,1987.5,1984.5,1986,81
YNDX,1,20190114,104100,1986,1986,1985,1985,53
YNDX,1,20190114,104200,1986.5,1988.5,1986.5,1988.5,271
YNDX,1,20190114,104300,1988,1989,1988,1989,48
YNDX,1,20190114,104400,1989,1989.5,1988,1988,853
YNDX,1,20190114,104500,1989,1989,1988,1988,436
YNDX,1,20190114,104600,1988,1988,1986,1986,60
YNDX,1,20190114,104700,1985.5,1987.5,1985.5,1987.5,21
YNDX,1,20190114,104800,1987.5,1988,1986,1986,42
YNDX,1,20190114,104900,1986,1986,1986,1986,11
YNDX,1,20190114,105000,1987.5,1987.5,1985.5,1987,78
YNDX,1,20190114,105200,1986,1986,1986,1986,30
YNDX,1,20190114,105300,1986,1987.5,1986,1987.5,12
YNDX,1,20190114,105400,1988,1988,1988,1988,12
YNDX,1,20190114,105500,1988,1988,1987.5,1988,4
YNDX,1,20190114,105600,1988,1988,1987.5,1987.5,23
YNDX,1,20190114,105700,1988,1988,1988,1988,48
YNDX,1,20190114,105800,1988,1988,1986.5,1986.5,30
YNDX,1,20190114,105900,1986.5,1987.5,1986,1987.5,35
YNDX,1,20190114,110000,1987.5,1987.5,1986,1986,75
YNDX,1,20190114,110100,1987,1987.5,1985.5,1985.5,90
YNDX,1,20190114,110200,1985.5,1986,1984.5,1985,170
YNDX,1,20190114,110300,1986.5,1986.5,1985,1985,23
YNDX,1,20190114,110400,1986,1986,1986,1986,1
YNDX,1,20190114,110500,1986,1986,1984.5,1984.5,22
YNDX,1,20190114,110600,1986,1986,1984.5,1986,110
YNDX,1,20190114,110700,1986.5,1986.5,1985,1985,55
YNDX,1,20190114,110800,1986.5,1987,1986.5,1987,10
YNDX,1,20190114,110900,1986.5,1986.5,1986.5,1986.5,1
YNDX,1,20190114,111000,1986,1987,1985,1986.5,101
YNDX,1,20190114,111200,1986.5,1986.5,1985,1985,117
YNDX,1,20190114,111300,1986.5,1987,1986.5,1987,2
YNDX,1,20190114,111400,1986.5,1986.5,1984,1984,278
YNDX,1,20190114,111500,1984,1986.5,1984,1985.5,41
YNDX,1,20190114,111600,1984.5,1986,1984,1986,542
YNDX,1,20190114,111700,1986,1986,1986,1986,18
YNDX,1,20190114,111800,1985.5,1985.5,1985.5,1985.5,2
YNDX,1,20190114,111900,1985.5,1985.5,1984,1984,95
YNDX,1,20190114,112000,1984.5,1984.5,1984.5,1984.5,1
YNDX,1,20190114,112300,1984.5,1985,1984.5,1985,13
YNDX,1,20190114,112400,1985,1985,1984,1984,14
YNDX,1,20190114,112500,1984.5,1985,1984.5,1984.5,76
YNDX,1,20190114,112600,1984.5,1984.5,1984.5,1984.5,1
YNDX,1,20190114,112700,1985,1985,1984.5,1984.5,143
YNDX,1,20190114,112800,1984.5,1985,1984.5,1985,6
YNDX,1,20190114,112900,1985,1985,1984.5,1984.5,7
YNDX,1,20190114,113000,1984.5,1985,1984,1985,72
YNDX,1,20190114,113200,1985,1985,1984.5,1984.5,5
YNDX,1,20190114,113500,1984.5,1984.5,1984,1984,277
YNDX,1,20190114,113600,1985,1985,1984,1985,25
YNDX,1,20190114,113700,1985,1985,1985,1985,2
YNDX,1,20190114,113900,1985,1985,1984,1984,8
YNDX,1,20190114,114000,1985,1985.5,1984,1985.5,81
YNDX,1,20190114,114100,1985.5,1986,1985.5,1986,10
YNDX,1,20190114,114200,1985.5,1986,1985.5,1986,12
YNDX,1,20190114,114300,1986,1986,1986,1986,29
YNDX,1,20190114,114400,1985.5,1985.5,1985,1985,7
YNDX,1,20190114,114500,1984.5,1986,1984.5,1985,61
YNDX,1,20190114,114600,1986,1986,1986,1986,1
YNDX,1,20190114,114700,1985,1985,1985,1985,1
YNDX,1,20190114,114800,1986,1986,1985,1985,4
YNDX,1,20190114,114900,1985,1986,1985,1986,21
YNDX,1,20190114,115000,1985,1985,1984,1984,180
YNDX,1,20190114,115100,1984,1984.5,1984,1984.5,156
YNDX,1,20190114,115200,1984,1985.5,1984,1984,6
YNDX,1,20190114,115300,1985.5,1985.5,1985.5,1985.5,23
YNDX,1,20190114,115400,1985.5,1985.5,1985.5,1985.5,10
YNDX,1,20190114,115500,1985,1985,1985,1985,5
YNDX,1,20190114,115600,1984,1984,1983.5,1983.5,35
YNDX,1,20190114,115700,1983,1983,1983,1983,99
YNDX,1,20190114,115800,1984.5,1984.5,1983,1983,6
YNDX,1,20190114,120000,1984.5,1984.5,1984.5,1984.5,5
YNDX,1,20190114,120100,1983,1983,1983,1983,3
YNDX,1,20190114,120200,1983,1983,1982,1982,111
YNDX,1,20190114,120300,1982.5,1982.5,1982,1982,193
YNDX,1,20190114,120500,1982,1984,1982,1984,4
YNDX,1,20190114,120600,1984,1984,1984,1984,6
YNDX,1,20190114,120900,1982.5,1982.5,1982,1982,19
YNDX,1,20190114,121000,1983.5,1983.5,1982,1982,501
YNDX,1,20190114,121100,1981,1982,1981,1982,27
YNDX,1,20190114,121200,1981,1982,1981,1982,21
YNDX,1,20190114,121300,1982,1982,1981,1981,191
YNDX,1,20190114,121400,1981,1981,1981,1981,16
YNDX,1,20190114,121500,1982,1982,1982,1982,80
YNDX,1,20190114,121700,1981,1981,1981,1981,2
YNDX,1,20190114,121800,1981.5,1981.5,1981.5,1981.5,1
YNDX,1,20190114,121900,1981,1982,1981,1982,18
YNDX,1,20190114,122000,1981,1981,1980.5,1980.5,64
YNDX,1,20190114,122100,1982,1982,1980,1980,115
YNDX,1,20190114,122200,1981.5,1981.5,1980,1980,15
YNDX,1,20190114,122300,1980,1980.5,1980,1980.5,22
YNDX,1,20190114,122400,1981.5,1982,1981,1981,210
YNDX,1,20190114,122500,1982,1982,1981,1981,6
YNDX,1,20190114,122700,1981,1982,1981,1981,37
YNDX,1,20190114,122800,1981,1981.5,1980,1980,354
YNDX,1,20190114,122900,1980,1980,1979,1980,495
YNDX,1,20190114,123000,1980,1980,1978.5,1980,32
YNDX,1,20190114,123100,1980,1980,1980,1980,46
YNDX,1,20190114,123200,1980,1980,1979.5,1979.5,6
YNDX,1,20190114,123300,1979.5,1980,1978.5,1978.5,175
YNDX,1,20190114,123400,1979.5,1979.5,1979.5,1979.5,10
YNDX,1,20190114,123500,1979.5,1979.5,1979.5,1979.5,3
YNDX,1,20190114,123600,1979.5,1979.5,1979.5,1979.5,2
YNDX,1,20190114,123700,1980,1980,1979.5,1979.5,51
YNDX,1,20190114,123900,1980,1980,1979.5,1979.5,84
YNDX,1,20190114,124000,1979,1979.5,1979,1979.5,102
YNDX,1,20190114,124300,1979,1979,1978,1978,36
YNDX,1,20190114,124400,1978,1978,1978,1978,195
YNDX,1,20190114,124500,1978,1979,1978,1978.5,114
YNDX,1,20190114,124600,1978.5,1978.5,1978,1978.5,13
YNDX,1,20190114,124700,1978.5,1979,1978,1978,283
YNDX,1,20190114,124800,1978,1979,1978,1978,129
YNDX,1,20190114,124900,1979,1979,1979,1979,5
YNDX,1,20190114,125000,1979,1979,1979,1979,62
YNDX,1,20190114,125100,1979.5,1979.5,1979,1979,18
YNDX,1,20190114,125200,1978.5,1978.5,1978.5,1978.5,4
YNDX,1,20190114,125300,1978,1978,1976,1976,496
YNDX,1,20190114,125500,1976.5,1978,1976.5,1978,14
YNDX,1,20190114,125600,1976.5,1976.5,1976.5,1976.5,129
YNDX,1,20190114,125900,1976.5,1976.5,1976.5,1976.5,527
YNDX,1,20190114,130000,1976,1976.5,1976,1976.5,605
YNDX,1,20190114,130100,1977,1978,1976.5,1978,307
YNDX,1,20190114,130200,1978,1978,1977,1977,588
YNDX,1,20190114,130300,1977,1977,1977,1977,20
YNDX,1,20190114,130400,1977,1977,1977,1977,58
YNDX,1,20190114,130500,1977,1977,1976.5,1976.5,15
YNDX,1,20190114,130700,1977,1977,1976.5,1976.5,135
YNDX,1,20190114,130800,1976.5,1976.5,1976.5,1976.5,22
YNDX,1,20190114,130900,1976,1976,1976,1976,1
YNDX,1,20190114,131000,1976,1976,1976,1976,1
YNDX,1,20190114,131100,1976,1976,1976,1976,78
YNDX,1,20190114,131300,1975.5,1975.5,1971.5,1971.5,845
YNDX,1,20190114,131400,1971.5,1973,1971.5,1973,97
YNDX,1,20190114,131500,1971.5,1971.5,1970.5,1970.5,379
YNDX,1,20190114,131600,1970.5,1971,1970.5,1971,43
YNDX,1,20190114,131700,1970.5,1970.5,1970.5,1970.5,440
YNDX,1,20190114,131800,1970.5,1970.5,1964.5,1967,1717
YNDX,1,20190114,131900,1967,1967,1964.5,1967,670
YNDX,1,20190114,132000,1967,1967,1965,1965,43
YNDX,1,20190114,132100,1965,1968,1965,1968,224
YNDX,1,20190114,132200,1968.5,1969.5,1966.5,1966.5,77
YNDX,1,20190114,132300,1966.5,1969.5,1966.5,1969.5,85
YNDX,1,20190114,132400,1969.5,1973,1968,1972.5,598
YNDX,1,20190114,132500,1972,1972,1970.5,1972,62
YNDX,1,20190114,132600,1972,1972,1972,1972,325
YNDX,1,20190114,132700,1972.5,1973,1971.5,1973,107
YNDX,1,20190114,132800,1973,1974,1973,1974,61
YNDX,1,20190114,132900,1973.5,1975,1973.5,1973.5,30
YNDX,1,20190114,133100,1974,1974,1974,1974,2
YNDX,1,20190114,133200,1974,1975,1974,1975,17
YNDX,1,20190114,133300,1975,1975,1975,1975,29
YNDX,1,20190114,133400,1975,1975,1975,1975,40
YNDX,1,20190114,133500,1975,1975,1975,1975,13
YNDX,1,20190114,133600,1975,1975,1974,1974,60
YNDX,1,20190114,133700,1974,1976,1974,1976,38
YNDX,1,20190114,133800,1976,1976,1976,1976,1
YNDX,1,20190114,133900,1976,1977,1976,1977,54
YNDX,1,20190114,134000,1976.5,1977,1976.5,1977,451
YNDX,1,20190114,134100,1976.5,1977,1976.5,1977,2
YNDX,1,20190114,134200,1976.5,1976.5,1976.5,1976.5,66
YNDX,1,20190114,134400,1977,1977,1977,1977,7
YNDX,1,20190114,134500,1976.5,1977,1976.5,1977,5
YNDX,1,20190114,134600,1976.5,1976.5,1976.5,1976.5,1
YNDX,1,20190114,134700,1976.5,1976.5,1976.5,1976.5,3
YNDX,1,20190114,134800,1977,1977,1977,1977,1
YNDX,1,20190114,134900,1977,1977,1977,1977,1004
YNDX,1,20190114,135000,1977,1977,1977,1977,35
YNDX,1,20190114,135100,1976.5,1977,1976,1977,524
YNDX,1,20190114,135300,1977,1977,1976,1976,102
YNDX,1,20190114,135400,1977,1977,1977,1977,1
YNDX,1,20190114,135500,1976,1976,1976,1976,3
YNDX,1,20190114,135700,1976,1976,1975.5,1975.5,52
YNDX,1,20190114,135800,1975.5,1975.5,1975,1975,10
YNDX,1,20190114,140000,1975.5,1976.5,1974.5,1976.5,48
YNDX,1,20190114,140200,1976.5,1976.5,1976.5,1976.5,3
YNDX,1,20190114,140300,1975.5,1976.5,1975.5,1976.5,21
YNDX,1,20190114,140500,1975,1975,1975,1975,21
YNDX,1,20190114,140600,1975,1975,1975,1975,5
YNDX,1,20190114,140700,1975,1977,1975,1977,544
YNDX,1,20190114,140900,1977,1977,1976,1977,3
YNDX,1,20190114,141000,1977,1977,1976,1976,51
YNDX,1,20190114,141100,1977,1977,1977,1977,230
YNDX,1,20190114,141200,1977,1977,1977,1977,5
YNDX,1,20190114,141300,1975.5,1975.5,1975,1975,248
YNDX,1,20190114,141500,1977,1977,1977,1977,1
YNDX,1,20190114,141700,1977,1977,1977,1977,2
YNDX,1,20190114,141800,1977,1977,1977,1977,13
YNDX,1,20190114,142000,1975.5,1977,1975.5,1977,46
YNDX,1,20190114,142100,1977,1977,1975,1975,487
YNDX,1,20190114,142200,1975,1976,1975,1976,547
YNDX,1,20190114,142300,1975,1975,1975,1975,1
YNDX,1,20190114,142400,1975,1975,1975,1975,20
YNDX,1,20190114,142500,1975,1975,1975,1975,23
YNDX,1,20190114,142600,1975,1975,1972,1972,113
YNDX,1,20190114,142700,1973,1973,1972,1972,14
YNDX,1,20190114,142800,1973,1973,1973,1973,1
YNDX,1,20190114,143000,1973,1973,1972,1972,31
YNDX,1,20190114,143100,1973,1973,1972,1972.5,501
YNDX,1,20190114,143200,1972,1972,1971,1971,27
YNDX,1,20190114,143300,1972.5,1972.5,1972.5,1972.5,4
YNDX,1,20190114,143500,1972.5,1972.5,1972.5,1972.5,10
YNDX,1,20190114,143600,1971,1971,1971,1971,4
YNDX,1,20190114,143700,1972,1972.5,1972,1972.5,10
YNDX,1,20190114,143800,1972.5,1972.5,1972.5,1972.5,30
YNDX,1,20190114,143900,1972.5,1973,1972.5,1973,190
YNDX,1,20190114,144000,1973,1973,1971.5,1972,23
YNDX,1,20190114,144100,1971.5,1971.5,1971,1971,21
YNDX,1,20190114,144300,1971.5,1971.5,1971,1971.5,19
YNDX,1,20190114,144500,1971.5,1971.5,1971,1971,9
YNDX,1,20190114,144600,1971.5,1971.5,1971.5,1971.5,1
YNDX,1,20190114,144700,1971.5,1973,1971.5,1973,26
YNDX,1,20190114,144800,1973,1973,1973,1973,1
YNDX,1,20190114,144900,1972,1972,1972,1972,40
YNDX,1,20190114,145000,1971.5,1973,1971.5,1973,15
YNDX,1,20190114,145100,1971.5,1973,1971,1972.5,31
YNDX,1,20190114,145200,1971,1972.5,1971,1971,277
YNDX,1,20190114,145300,1971,1971,1971,1971,5
YNDX,1,20190114,145400,1972,1972,1971,1972,62
YNDX,1,20190114,145500,1972,1972.5,1972,1972.5,50
YNDX,1,20190114,145700,1973,1973,1973,1973,2
YNDX,1,20190114,145800,1972,1972,1968,1969,2069
YNDX,1,20190114,145900,1968,1969.5,1968,1969.5,27
YNDX,1,20190114,150000,1968,1969.5,1966.5,1968.5,1281
YNDX,1,20190114,150100,1967.5,1967.5,1967.5,1967.5,10
YNDX,1,20190114,150200,1967.5,1967.5,1966.5,1966.5,478
YNDX,1,20190114,150300,1968,1968,1966.5,1966.5,4
YNDX,1,20190114,150400,1968.5,1968.5,1967,1967,166
YNDX,1,20190114,150500,1967,1969.5,1967,1969,223
YNDX,1,20190114,150600,1969.5,1969.5,1968,1969.5,9
YNDX,1,20190114,150700,1970,1970,1970,1970,17
YNDX,1,20190114,150800,1968.5,1968.5,1968.5,1968.5,2
YNDX,1,20190114,150900,1968.5,1969,1968.5,1969,20
YNDX,1,20190114,151000,1970.5,1970.5,1969,1969,11
YNDX,1,20190114,151100,1969,1969,1969,1969,1
YNDX,1,20190114,151200,1970.5,1970.5,1970.5,1970.5,26
YNDX,1,20190114,151300,1969,1970.5,1969,1970.5,100
YNDX,1,20190114,151400,1970.5,1971.5,1970.5,1971.5,13
YNDX,1,20190114,151600,1972,1972,1971.5,1971.5,21
YNDX,1,20190114,151700,1970.5,1970.5,1970.5,1970.5,2
YNDX,1,20190114,151800,1971.5,1971.5,1970.5,1971.5,41
YNDX,1,20190114,152000,1972,1972.5,1972,1972.5,20
YNDX,1,20190114,152100,1972.5,1972.5,1972.5,1972.5,8
YNDX,1,20190114,152300,1971.5,1971.5,1971.5,1971.5,10
YNDX,1,20190114,152400,1972,1972,1972,1972,3
YNDX,1,20190114,152500,1972.5,1972.5,1972.5,1972.5,7
YNDX,1,20190114,152600,1972.5,1972.5,1972.5,1972.5,4
YNDX,1,20190114,152800,1972.5,1973.5,1972.5,1973.5,62
YNDX,1,20190114,152900,1974,1974,1974,1974,35
YNDX,1,20190114,153000,1974,1974,1974,1974,1
YNDX,1,20190114,153100,1974,1974,1974,1974,3
YNDX,1,20190114,153400,1974,1974,1974,1974,1
YNDX,1,20190114,153500,1974,1974,1974,1974,2
YNDX,1,20190114,153600,1974,1974,1974,1974,101
YNDX,1,20190114,153800,1974,1974,1974,1974,1
YNDX,1,20190114,154100,1974,1974,1974,1974,1
YNDX,1,20190114,154200,1974,1974,1974,1974,128
YNDX,1,20190114,154300,1974.5,1974.5,1974.5,1974.5,1
YNDX,1,20190114,154400,1974,1974,1974,1974,2
YNDX,1,20190114,154500,1974,1974,1974,1974,1
YNDX,1,20190114,154600,1974.5,1974.5,1974.5,1974.5,300
YNDX,1,20190114,154700,1974.5,1974.5,1974.5,1974.5,10
YNDX,1,20190114,154900,1974,1974.5,1973,1974,124
YNDX,1,20190114,155000,1973,1973,1973,1973,10
YNDX,1,20190114,155200,1974,1974,1974,1974,8
YNDX,1,20190114,155300,1974,1974.5,1974,1974,7
YNDX,1,20190114,155400,1974.5,1974.5,1974.5,1974.5,25
YNDX,1,20190114,155500,1973.5,1973.5,1973.5,1973.5,10
YNDX,1,20190114,155600,1973.5,1973.5,1973,1973.5,85
YNDX,1,20190114,155700,1974,1974.5,1973.5,1974.5,13
YNDX,1,20190114,155800,1974.5,1974.5,1974,1974.5,42
YNDX,1,20190114,155900,1973.5,1975,1973,1975,1589
YNDX,1,20190114,160000,1975,1975,1973.5,1975,7
YNDX,1,20190114,160100,1975,1975,1975,1975,1
YNDX,1,20190114,160200,1975,1975,1974,1974,7
YNDX,1,20190114,160300,1975,1975,1975,1975,15
YNDX,1,20190114,160500,1975,1975,1973,1973,272
YNDX,1,20190114,160800,1974,1974,1973,1973,2
YNDX,1,20190114,160900,1973,1973,1973,1973,2
YNDX,1,20190114,161100,1973,1973,1973,1973,1
YNDX,1,20190114,161200,1974,1974.5,1974,1974.5,361
YNDX,1,20190114,161300,1974.5,1974.5,1974.5,1974.5,43
YNDX,1,20190114,161500,1974.5,1974.5,1974.5,1974.5,45
YNDX,1,20190114,161600,1973,1974.5,1973,1974.5,14
YNDX,1,20190114,161700,1973,1973,1973,1973,2
YNDX,1,20190114,161800,1973,1973,1973,1973,2
YNDX,1,20190114,161900,1974.5,1974.5,1973,1973,9
YNDX,1,20190114,162000,1973,1973,1973,1973,1
YNDX,1,20190114,162100,1973,1973,1973,1973,2
YNDX,1,20190114,162200,1974.5,1974.5,1974.5,1974.5,16
YNDX,1,20190114,162600,1974.5,1974.5,1974.5,1974.5,1
YNDX,1,20190114,162700,1973,1975,1973,1975,12
YNDX,1,20190114,162800,1975,1975.5,1974,1975.5,86
YNDX,1,20190114,163100,1974,1974,1973.5,1973.5,50
YNDX,1,20190114,163200,1975,1975,1975,1975,16
YNDX,1,20190114,163300,1975,1975,1975,1975,25
YNDX,1,20190114,163400,1975,1975,1975,1975,3
YNDX,1,20190114,163500,1975,1975,1973.5,1973.5,9
YNDX,1,20190114,163600,1975,1976,1975,1976,355
YNDX,1,20190114,163700,1975,1976,1975,1976,22
YNDX,1,20190114,163900,1975.5,1976,1975.5,1976,10
YNDX,1,20190114,164000,1976,1976,1976,1976,98
YNDX,1,20190114,164100,1975,1975,1975,1975,1
YNDX,1,20190114,164200,1975.5,1977,1975.5,1977,1526
YNDX,1,20190114,164300,1977,1977,1975.5,1977,526
YNDX,1,20190114,164400,1977,1977,1977,1977,49
YNDX,1,20190114,164500,1977,1977,1975.5,1977,396
YNDX,1,20190114,164600,1977,1977,1977,1977,120
YNDX,1,20190114,164700,1977,1977,1977,1977,10
YNDX,1,20190114,164800,1975,1975,1974.5,1974.5,81
YNDX,1,20190114,164900,1976.5,1976.5,1976.5,1976.5,83
YNDX,1,20190114,165000,1977,1977,1977,1977,1
YNDX,1,20190114,165100,1975.5,1975.5,1975.5,1975.5,8
YNDX,1,20190114,165200,1976.5,1976.5,1976.5,1976.5,11
YNDX,1,20190114,165400,1977,1977,1976.5,1976.5,109
YNDX,1,20190114,165600,1977,1977,1976,1976,6
YNDX,1,20190114,165700,1977,1977,1976,1976,21
YNDX,1,20190114,165800,1976,1976,1976,1976,7
YNDX,1,20190114,165900,1977,1977,1977,1977,12
YNDX,1,20190114,170000,1977,1977,1977,1977,7
YNDX,1,20190114,170100,1976,1976,1976,1976,100
YNDX,1,20190114,170200,1975.5,1975.5,1974.5,1975,354
YNDX,1,20190114,170300,1975,1975,1975,1975,168
YNDX,1,20190114,170400,1975,1975,1975,1975,48
YNDX,1,20190114,170600,1973.5,1974.5,1972.5,1974.5,132
YNDX,1,20190114,170700,1974,1974,1974,1974,2
YNDX,1,20190114,170800,1974.5,1974.5,1974.5,1974.5,6
YNDX,1,20190114,171000,1973,1973,1973,1973,1
YNDX,1,20190114,171200,1973,1974,1973,1974,4
YNDX,1,20190114,171500,1974,1974,1974,1974,29
YNDX,1,20190114,171600,1974,1974,1972.5,1972.5,21
YNDX,1,20190114,171700,1974,1974,1974,1974,2
YNDX,1,20190114,171900,1974,1974,1974,1974,3
YNDX,1,20190114,172000,1974,1974,1974,1974,75
YNDX,1,20190114,172100,1974.5,1975,1974.5,1975,193
YNDX,1,20190114,172200,1975,1977,1975,1975,1061
YNDX,1,20190114,172300,1975,1976,1975,1976,44
YNDX,1,20190114,172400,1976,1976,1975,1975,4
YNDX,1,20190114,172600,1976,1976,1976,1976,2
YNDX,1,20190114,172700,1976,1977,1976,1977,177
YNDX,1,20190114,172800,1977,1977,1975,1975,27
YNDX,1,20190114,172900,1976.5,1976.5,1976.5,1976.5,5
YNDX,1,20190114,173000,1975,1975,1972.5,1973.5,409
YNDX,1,20190114,173100,1975,1975,1975,1975,8
YNDX,1,20190114,173200,1973.5,1973.5,1970.5,1972.5,652
YNDX,1,20190114,173300,1970.5,1970.5,1970.5,1970.5,35
YNDX,1,20190114,173400,1972.5,1972.5,1970.5,1970.5,129
YNDX,1,20190114,173500,1971,1972,1970.5,1972,254
YNDX,1,20190114,173600,1971.5,1973.5,1971.5,1973.5,96
YNDX,1,20190114,173700,1973.5,1973.5,1970,1971,1634
YNDX,1,20190114,173800,1971,1971,1968,1969.5,1710
YNDX,1,20190114,173900,1969.5,1973,1969.5,1973,212
YNDX,1,20190114,174000,1973,1973.5,1972,1972,83
YNDX,1,20190114,174100,1973.5,1976.5,1973.5,1976.5,1176
YNDX,1,20190114,174200,1976.5,1976.5,1973.5,1975.5,287
YNDX,1,20190114,174300,1975.5,1975.5,1973,1973,258
YNDX,1,20190114,174400,1972.5,1973,1969.5,1971.5,669
YNDX,1,20190114,174500,1974,1976,1970.5,1970.5,318
YNDX,1,20190114,174600,1970.5,1971.5,1970,1970,650
YNDX,1,20190114,174700,1970,1972,1969,1972,348
YNDX,1,20190114,174800,1972,1972,1968,1968,407
YNDX,1,20190114,174900,1969.5,1970,1967,1970,1637
YNDX,1,20190114,175000,1970.5,1970.5,1970.5,1970.5,4
YNDX,1,20190114,175100,1969,1972,1968.5,1972,347
YNDX,1,20190114,175200,1972,1974,1972,1974,69
YNDX,1,20190114,175300,1974,1975,1972.5,1974,59
YNDX,1,20190114,175400,1974.5,1974.5,1974,1974,198
YNDX,1,20190114,175500,1971.5,1972,1970.5,1970.5,255
YNDX,1,20190114,175600,1970.5,1970.5,1970,1970,773
YNDX,1,20190114,175700,1970,1970,1969.5,1970,101
YNDX,1,20190114,175800,1970,1970,1970,1970,100
YNDX,1,20190114,175900,1971.5,1971.5,1969,1971,213
YNDX,1,20190114,180000,1969.5,1971.5,1967.5,1969,1856
YNDX,1,20190114,180100,1968,1969,1967.5,1969,160
YNDX,1,20190114,180200,1968,1968,1966,1966.5,3256
YNDX,1,20190114,180300,1966,1967,1965,1966,2353
YNDX,1,20190114,180400,1966.5,1967.5,1966.5,1967,28
YNDX,1,20190114,180500,1968,1968,1968,1968,61
YNDX,1,20190114,180600,1967,1968.5,1967,1968.5,254
YNDX,1,20190114,180800,1968.5,1969.5,1968.5,1969.5,327
YNDX,1,20190114,180900,1969,1969,1969,1969,32
YNDX,1,20190114,181000,1969,1970,1969,1969,214
YNDX,1,20190114,181100,1970,1970.5,1969,1969,13
YNDX,1,20190114,181200,1969.5,1970.5,1969.5,1970.5,6
YNDX,1,20190114,181300,1970,1970.5,1970,1970.5,26
YNDX,1,20190114,181400,1970.5,1971,1970,1970,210
YNDX,1,20190114,181500,1971,1977,1971,1976,4310
YNDX,1,20190114,181600,1976,1977.5,1973,1975,646
YNDX,1,20190114,181700,1973.5,1973.5,1973.5,1973.5,2
YNDX,1,20190114,181900,1974.5,1976,1974.5,1976,233
YNDX,1,20190114,182000,1975,1977.5,1975,1977.5,936
YNDX,1,20190114,182100,1976.5,1976.5,1976,1976.5,116
YNDX,1,20190114,182200,1975.5,1975.5,1975,1975,105
YNDX,1,20190114,182400,1975,1977.5,1975,1977.5,300
YNDX,1,20190114,182500,1978,1978.5,1977,1977,403
YNDX,1,20190114,182600,1976,1977.5,1976,1977.5,100
YNDX,1,20190114,182700,1977.5,1978,1977.5,1978,207
YNDX,1,20190114,182800,1978,1981,1978,1980.5,1505
YNDX,1,20190114,182900,1980,1980,1979,1980,81
YNDX,1,20190114,183000,1980,1984,1980,1982.5,1138
YNDX,1,20190114,183100,1984,1997,1984,1991,14401
YNDX,1,20190114,183200,1991,1994,1991,1993,1146
YNDX,1,20190114,183300,1993,1994,1991.5,1993,295
YNDX,1,20190114,183400,1994,1995,1992,1992,1686
YNDX,1,20190114,183500,1993,1995,1992,1992.5,770
YNDX,1,20190114,183600,1994.5,1995,1992.5,1992.5,650
YNDX,1,20190114,183700,1992.5,1996.5,1992.5,1995,1898
YNDX,1,20190114,183800,1996.5,1997,1995,1996.5,745
YNDX,1,20190114,183900,1997,1997,1994,1996.5,1865
YNDX,1,20190114,184500,1992.5,1992.5,1992.5,1992.5,750
YNDX,1,20190114,184600,1992.5,1992.5,1992.5,1992.5,19
YNDX,1,20190115,100000,1993.5,1995,1985.5,1987,900
YNDX,1,20190115,100100,1986,1987,1984.5,1986,422
YNDX,1,20190115,100200,1985,1987,1984.5,1987,225
YNDX,1,20190115,100300,1987,1987,1984.5,1984.5,231
YNDX,1,20190115,100400,1986,1987,1985,1987,234
YNDX,1,20190115,100500,1987,1987,1985.5,1986,32
YNDX,1,20190115,100600,1986,1987,1984.5,1987,505
YNDX,1,20190115,100700,1987,1988,1987,1987,5
YNDX,1,20190115,100800,1988,1988.5,1987,1987,35
YNDX,1,20190115,100900,1988.5,1988.5,1987,1988.5,16
YNDX,1,20190115,101000,1988.5,1990,1988.5,1990,326
YNDX,1,20190115,101100,1988,1988,1987.5,1988,19
YNDX,1,20190115,101200,1989,1990,1987,1987,139
YNDX,1,20190115,101300,1989,1989,1988,1988,105
YNDX,1,20190115,101400,1989.5,1989.5,1989.5,1989.5,4
YNDX,1,20190115,101500,1989.5,1989.5,1989.5,1989.5,99
YNDX,1,20190115,101600,1988.5,1990,1988.5,1990,19
YNDX,1,20190115,101700,1990,1990,1988,1989.5,24
YNDX,1,20190115,101800,1989.5,1990,1989.5,1990,204
YNDX,1,20190115,101900,1989,1990,1988.5,1988.5,103
YNDX,1,20190115,102000,1988.5,1990,1988.5,1990,114
YNDX,1,20190115,102100,1988.5,1989.5,1988,1989.5,196
YNDX,1,20190115,102200,1990,1990,1990,1990,2
YNDX,1,20190115,102300,1989.5,1990,1989.5,1990,2130
YNDX,1,20190115,102400,1990,1990,1989.5,1990,89
YNDX,1,20190115,102500,1990,1990,1989,1990,114
YNDX,1,20190115,102600,1990,1990,1987.5,1990,430
YNDX,1,20190115,102700,1990,1995,1988.5,1988.5,777
YNDX,1,20190115,102800,1992.5,1993.5,1988.5,1992.5,186
YNDX,1,20190115,102900,1990.5,1990.5,1990,1990,4
YNDX,1,20190115,103000,1991,1991,1990.5,1990.5,3
YNDX,1,20190115,103100,1990.5,1990.5,1990.5,1990.5,2
YNDX,1,20190115,103200,1991,1991,1990,1990,6
YNDX,1,20190115,103300,1990,1991,1990,1991,6
YNDX,1,20190115,103400,1990.5,1990.5,1990,1990,110
YNDX,1,20190115,103500,1989.5,1991,1989.5,1991,23
YNDX,1,20190115,103600,1989.5,1991,1988,1988,197
YNDX,1,20190115,103700,1990.5,1990.5,1990.5,1990.5,10
YNDX,1,20190115,103800,1990.5,1991.5,1990.5,1991.5,88
YNDX,1,20190115,103900,1991.5,1992,1989.5,1989.5,99
YNDX,1,20190115,104000,1991.5,1991.5,1989.5,1989.5,47
YNDX,1,20190115,104100,1991.5,1991.5,1991.5,1991.5,5
YNDX,1,20190115,104200,1991.5,1991.5,1991.5,1991.5,8
YNDX,1,20190115,104300,1992,1992.5,1990,1990,75
YNDX,1,20190115,104400,1992,1992,1990.5,1992,19
YNDX,1,20190115,104500,1992,1992,1990.5,1990.5,24
YNDX,1,20190115,104600,1992,1992,1990,1992,110
YNDX,1,20190115,104700,1991,1992.5,1989.5,1989.5,67
YNDX,1,20190115,104800,1992,1992,1989.5,1992,176
YNDX,1,20190115,104900,1992,1992,1992,1992,13
YNDX,1,20190115,105000,1992,1992.5,1990.5,1990.5,36
YNDX,1,20190115,105100,1990,1991.5,1990,1991.5,20
YNDX,1,20190115,105200,1991.5,1992,1989.5,1992,154
YNDX,1,20190115,105500,1990,1992,1990,1992,120
YNDX,1,20190115,105600,1991.5,1991.5,1989.5,1989.5,31
YNDX,1,20190115,105700,1991,1991,1991,1991,4
YNDX,1,20190115,105800,1991,1991.5,1990.5,1991.5,18
YNDX,1,20190115,105900,1991.5,1991.5,1989,1991,21
YNDX,1,20190115,110000,1989,1991.5,1987.5,1989.5,57
YNDX,1,20190115,110100,1991,1992,1990,1990,133
YNDX,1,20190115,110200,1991.5,1992,1988.5,1990,210
YNDX,1,20190115,110300,1992,1992,1991.5,1991.5,76
YNDX,1,20190115,110400,1990.5,1992,1990.5,1992,319
YNDX,1,20190115,110500,1992,1993,1992,1992,150
YNDX,1,20190115,110600,1992,1994.5,1992,1994,884
YNDX,1,20190115,110700,1994,1994.5,1992.5,1994.5,877
YNDX,1,20190115,110800,1994.5,1995,1993,1993,541
YNDX,1,20190115,110900,1994.5,1995,1993,1995,805
YNDX,1,20190115,111000,1995,1995,1993.5,1995,950
YNDX,1,20190115,111100,1995,1995,1993.5,1993.5,91
YNDX,1,20190115,111200,1995,1995,1993.5,1995,157
YNDX,1,20190115,111300,1995,1995.5,1993,1995.5,1194
YNDX,1,20190115,111400,1996,1996,1995,1995,25
YNDX,1,20190115,111500,1995,1995,1992.5,1992.5,611
YNDX,1,20190115,111600,1994.5,1994.5,1994.5,1994.5,50
YNDX,1,20190115,111700,1993,1993,1993,1993,3
YNDX,1,20190115,111900,1994.5,1995,1992.5,1992.5,286
YNDX,1,20190115,112000,1994,1995,1993,1993,184
YNDX,1,20190115,112100,1993,1995,1992.5,1995,405
YNDX,1,20190115,112200,1995,1995,1993,1994.5,131
YNDX,1,20190115,112300,1994.5,1994.5,1994,1994,251
YNDX,1,20190115,112400,1993.5,1995,1993.5,1995,93
YNDX,1,20190115,112500,1995,1995,1993.5,1993.5,48
YNDX,1,20190115,112600,1993.5,1994.5,1993,1994.5,49
YNDX,1,20190115,112700,1994.5,1995,1993.5,1993.5,60
YNDX,1,20190115,112800,1995,1995,1995,1995,51
YNDX,1,20190115,112900,1993.5,1993.5,1992.5,1992.5,16
YNDX,1,20190115,113000,1992,1994,1992,1992,43
YNDX,1,20190115,113100,1994.5,1994.5,1994.5,1994.5,3
YNDX,1,20190115,113200,1994.5,1994.5,1994.5,1994.5,30
YNDX,1,20190115,113300,1994.5,1995,1992.5,1992.5,69
YNDX,1,20190115,113400,1994.5,1994.5,1994.5,1994.5,11
YNDX,1,20190115,113500,1993,1994,1991,1994,367
YNDX,1,20190115,113600,1994,1994,1992.5,1992.5,42
YNDX,1,20190115,113700,1994,1995,1993.5,1993.5,237
YNDX,1,20190115,113800,1992.5,1993,1992.5,1993,19
YNDX,1,20190115,113900,1993,1993,1993,1993,1
YNDX,1,20190115,114000,1992,1992,1990.5,1991,548
YNDX,1,20190115,114100,1991,1991,1990.5,1991,219
YNDX,1,20190115,114200,1991,1991,1991,1991,23
YNDX,1,20190115,114300,1991,1991,1989,1989,995
YNDX,1,20190115,114400,1990.5,1991,1989,1991,267
YNDX,1,20190115,114500,1991,1991,1991,1991,5
YNDX,1,20190115,114600,1991,1991,1990.5,1990.5,121
YNDX,1,20190115,114700,1991,1991,1991,1991,1
YNDX,1,20190115,114800,1990.5,1990.5,1990.5,1990.5,3
YNDX,1,20190115,114900,1991,1991,1991,1991,112
YNDX,1,20190115,115000,1990.5,1990.5,1990.5,1990.5,1
YNDX,1,20190115,115100,1991,1991,1990.5,1990.5,9
YNDX,1,20190115,115200,1991,1991,1991,1991,4
YNDX,1,20190115,115300,1990.5,1991,1990.5,1991,136
YNDX,1,20190115,115400,1991,1991,1990.5,1990.5,119
YNDX,1,20190115,115500,1990.5,1990.5,1990.5,1990.5,3
YNDX,1,20190115,115600,1991,1991,1991,1991,10
YNDX,1,20190115,115700,1990.5,1990.5,1990.5,1990.5,13
YNDX,1,20190115,115800,1990.5,1991,1990.5,1990.5,10634
YNDX,1,20190115,115900,1990,1990.5,1989,1990.5,24
YNDX,1,20190115,120000,1990.5,1990.5,1990.5,1990.5,1
YNDX,1,20190115,120100,1989,1989,1989,1989,11
YNDX,1,20190115,120200,1990,1990,1988.5,1990,37
YNDX,1,20190115,120300,1988.5,1988.5,1987,1987,1875
YNDX,1,20190115,120400,1987,1987,1986,1986,41
YNDX,1,20190115,120500,1987,1987,1987,1987,1
YNDX,1,20190115,120600,1986,1986,1986,1986,22
YNDX,1,20190115,120700,1986,1986,1981.5,1982,3304
YNDX,1,20190115,120800,1982,1984,1982,1984,210
YNDX,1,20190115,120900,1984,1985,1984,1985,82
YNDX,1,20190115,121000,1985,1985,1985,1985,45
YNDX,1,20190115,121100,1985,1985.5,1985,1985.5,2
YNDX,1,20190115,121200,1985,1985.5,1984,1984,22
YNDX,1,20190115,121300,1985,1985,1985,1985,4
YNDX,1,20190115,121400,1985,1985,1985,1985,10
YNDX,1,20190115,121500,1985,1985.5,1983.5,1983.5,77
YNDX,1,20190115,121600,1984,1984,1984,1984,1
YNDX,1,20190115,121700,1984.5,1984.5,1984.5,1984.5,2
YNDX,1,20190115,121800,1984.5,1984.5,1984.5,1984.5,3
YNDX,1,20190115,121900,1984,1984,1984,1984,45
YNDX,1,20190115,122100,1984.5,1984.5,1984.5,1984.5,2
YNDX,1,20190115,122200,1984.5,1984.5,1984,1984,108
YNDX,1,20190115,122300,1984.5,1985.5,1984,1985.5,64
YNDX,1,20190115,122400,1984.5,1985.5,1984.5,1985.5,253
YNDX,1,20190115,122500,1985.5,1985.5,1985.5,1985.5,1
YNDX,1,20190115,122600,1985.5,1985.5,1985.5,1985.5,1
YNDX,1,20190115,122800,1984,1985.5,1984,1985.5,85
YNDX,1,20190115,122900,1985.5,1985.5,1985.5,1985.5,19
YNDX,1,20190115,123100,1985,1985,1985,1985,15
YNDX,1,20190115,123200,1984,1985,1984,1985,3
YNDX,1,20190115,123300,1984,1984,1984,1984,6
YNDX,1,20190115,123400,1985,1985,1985,1985,14
YNDX,1,20190115,123500,1985,1985,1985,1985,1
YNDX,1,20190115,123600,1985,1985,1984.5,1984.5,32
YNDX,1,20190115,123700,1984,1984,1984,1984,312
YNDX,1,20190115,123800,1983,1983,1983,1983,45
YNDX,1,20190115,123900,1983,1983.5,1982,1983.5,193
YNDX,1,20190115,124000,1983.5,1983.5,1983.5,1983.5,2
YNDX,1,20190115,124100,1983.5,1983.5,1981.5,1981.5,812
YNDX,1,20190115,124200,1982,1982,1981,1981,756
YNDX,1,20190115,124300,1981,1982,1980.5,1980.5,8044
YNDX,1,20190115,124400,1982,1987,1982,1987,6477
YNDX,1,20190115,124500,1987,1989,1987,1989,260
YNDX,1,20190115,124600,1987,1991.5,1987,1991.5,11346
YNDX,1,20190115,124700,1992,1992,1990.5,1990.5,32
YNDX,1,20190115,124800,1990.5,1991,1990.5,1991,7
YNDX,1,20190115,124900,1991,1991,1991,1991,30
YNDX,1,20190115,125000,1991,1991,1990.5,1991,135
YNDX,1,20190115,125100,1990,1990,1990,1990,35
YNDX,1,20190115,125200,1991,1991,1987,1987.5,523
YNDX,1,20190115,125300,1989.5,1990,1989.5,1990,4644
YNDX,1,20190115,125400,1987.5,1987.5,1987.5,1987.5,10
YNDX,1,20190115,125600,1987,1987,1987,1987,4
YNDX,1,20190115,125700,1987,1987,1986,1986,402
YNDX,1,20190115,125800,1987,1987,1986,1986,42
YNDX,1,20190115,130100,1987.5,1987.5,1987.5,1987.5,9
YNDX,1,20190115,130200,1985.5,1987,1985,1987,41
YNDX,1,20190115,130400,1987,1987,1987,1987,1
YNDX,1,20190115,130800,1987,1987,1987,1987,1
YNDX,1,20190115,131000,1985.5,1985.5,1985.5,1985.5,3
YNDX,1,20190115,131100,1987,1987,1985.5,1985.5,53
YNDX,1,20190115,131200,1985.5,1987,1985.5,1987,9
YNDX,1,20190115,131300,1985.5,1986,1985,1985,178
YNDX,1,20190115,131400,1985,1986.5,1985,1986.5,38
YNDX,1,20190115,131500,1986.5,1986.5,1986.5,1986.5,203
YNDX,1,20190115,131600,1988,1988,1986.5,1986.5,4
YNDX,1,20190115,131700,1988,1988,1985,1987,580
YNDX,1,20190115,132000,1987,1987,1987,1987,39
YNDX,1,20190115,132200,1987,1987,1987,1987,6
YNDX,1,20190115,132300,1987,1987,1987,1987,3
YNDX,1,20190115,132400,1987,1987,1987,1987,11
YNDX,1,20190115,132500,1987,1987,1987,1987,8
YNDX,1,20190115,132700,1987,1987,1987,1987,4
YNDX,1,20190115,132800,1985.5,1987,1985.5,1987,8
YNDX,1,20190115,132900,1987,1987,1985,1986.5,27
YNDX,1,20190115,133000,1985,1986.5,1985,1986.5,65
YNDX,1,20190115,133300,1986.5,1986.5,1985,1986.5,1106
YNDX,1,20190115,133700,1985.5,1985.5,1985.5,1985.5,5
YNDX,1,20190115,133900,1986.5,1986.5,1986.5,1986.5,253
YNDX,1,20190115,134000,1985,1985,1985,1985,47
YNDX,1,20190115,134100,1986.5,1986.5,1985,1985,78
YNDX,1,20190115,134200,1986,1986,1985,1985,11
YNDX,1,20190115,134300,1986.5,1986.5,1986.5,1986.5,1
YNDX,1,20190115,134500,1985,1985,1985,1985,2
YNDX,1,20190115,134600,1985,1986.5,1985,1986.5,22
YNDX,1,20190115,134700,1985,1986.5,1985,1985,346
YNDX,1,20190115,134800,1985,1985,1985,1985,13
YNDX,1,20190115,134900,1985.5,1985.5,1985,1985,7
YNDX,1,20190115,135000,1985,1985,1985,1985,29
YNDX,1,20190115,135100,1985.5,1985.5,1985,1985.5,54
YNDX,1,20190115,135200,1985,1985,1985,1985,36
YNDX,1,20190115,135300,1985.5,1985.5,1985,1985,191
YNDX,1,20190115,135400,1985,1986,1985,1985,161
YNDX,1,20190115,135500,1986,1986,1985,1986,381
YNDX,1,20190115,135600,1985,1986,1985,1986,41
YNDX,1,20190115,135700,1985,1987,1985,1985.5,1088
YNDX,1,20190115,140100,1987,1987,1987,1987,5
YNDX,1,20190115,140200,1987,1988,1987,1988,57
YNDX,1,20190115,140300,1988,1988,1988,1988,2
YNDX,1,20190115,140400,1986,1987.5,1986,1987.5,23
YNDX,1,20190115,140500,1986,1986,1985.5,1985.5,52
YNDX,1,20190115,140600,1987.5,1987.5,1987.5,1987.5,20
YNDX,1,20190115,140700,1986,1987.5,1986,1987.5,69
YNDX,1,20190115,141000,1985.5,1985.5,1985.5,1985.5,50
YNDX,1,20190115,141100,1985.5,1987,1985,1987,232
YNDX,1,20190115,141200,1987,1987,1987,1987,1
YNDX,1,20190115,141300,1987,1987.5,1986,1986,144
YNDX,1,20190115,141500,1986,1986,1985.5,1985.5,126
YNDX,1,20190115,141600,1986,1986,1986,1986,9
YNDX,1,20190115,141700,1986,1986,1985.5,1985.5,45
YNDX,1,20190115,141900,1985.5,1985.5,1985,1985,102
YNDX,1,20190115,142100,1986.5,1986.5,1986.5,1986.5,1
YNDX,1,20190115,142300,1985.5,1986.5,1985,1986.5,94
YNDX,1,20190115,142400,1985,1985,1985,1985,113
YNDX,1,20190115,142500,1985,1985,1985,1985,370
YNDX,1,20190115,142600,1985,1985,1985,1985,1315
YNDX,1,20190115,142700,1986,1986.5,1985,1986.5,53
YNDX,1,20190115,142900,1985,1985,1985,1985,67
YNDX,1,20190115,143000,1986.5,1986.5,1985,1985,167
YNDX,1,20190115,143100,1985,1986.5,1985,1986.5,44
YNDX,1,20190115,143200,1986.5,1986.5,1986.5,1986.5,52
YNDX,1,20190115,143300,1985,1986.5,1985,1986.5,12
YNDX,1,20190115,143500,1986.5,1986.5,1985,1986.5,20
YNDX,1,20190115,143600,1986.5,1986.5,1986.5,1986.5,101
YNDX,1,20190115,143800,1985,1985,1985,1985,120
YNDX,1,20190115,143900,1986,1986.5,1986,1986.5,200
YNDX,1,20190115,144000,1986.5,1986.5,1985.5,1985.5,11
YNDX,1,20190115,144200,1985.5,1985.5,1985.5,1985.5,108
YNDX,1,20190115,144300,1985.5,1985.5,1985.5,1985.5,2
YNDX,1,20190115,144400,1985.5,1985.5,1985.5,1985.5,8
YNDX,1,20190115,144500,1985,1985.5,1985,1985.5,101
YNDX,1,20190115,144600,1985.5,1985.5,1985.5,1985.5,5
YNDX,1,20190115,144700,1985,1985,1985,1985,83
YNDX,1,20190115,144800,1985,1985,1985,1985,20
YNDX,1,20190115,144900,1985,1985,1985,1985,25
YNDX,1,20190115,145000,1985.5,1985.5,1985.5,1985.5,2
YNDX,1,20190115,145100,1985,1986.5,1985,1986.5,15
YNDX,1,20190115,145200,1985.5,1985.5,1985.5,1985.5,10
YNDX,1,20190115,145300,1985,1985.5,1985,1985.5,152
YNDX,1,20190115,145500,1985,1985,1985,1985,1
YNDX,1,20190115,145700,1985,1985,1985,1985,156
YNDX,1,20190115,145800,1985,1986,1985,1985,350
YNDX,1,20190115,145900,1985,1985,1985,1985,287
YNDX,1,20190115,150000,1985,1985,1985,1985,108
YNDX,1,20190115,150100,1985.5,1985.5,1985,1985,124
YNDX,1,20190115,150200,1985,1985.5,1985,1985,77
YNDX,1,20190115,150300,1985,1985.5,1985,1985.5,22
YNDX,1,20190115,150400,1985,1985,1985,1985,8
YNDX,1,20190115,150500,1985,1985.5,1985,1985,117
YNDX,1,20190115,150600,1985,1986,1985,1986,1147
YNDX,1,20190115,150700,1985,1986.5,1985,1986.5,301
YNDX,1,20190115,150800,1986.5,1986.5,1985,1985,111
YNDX,1,20190115,150900,1985,1985,1985,1985,20
YNDX,1,20190115,151000,1985,1985,1985,1985,100
YNDX,1,20190115,151100,1985,1985,1985,1985,180
YNDX,1,20190115,151200,1985,1986,1985,1986,127
YNDX,1,20190115,151300,1986.5,1986.5,1985,1985,32
YNDX,1,20190115,151400,1985,1985,1985,1985,51
YNDX,1,20190115,151500,1986,1986,1985,1985,293
YNDX,1,20190115,151600,1985,1986,1985,1985,38
YNDX,1,20190115,151700,1986,1986,1985,1985,80
YNDX,1,20190115,151800,1985,1985,1985,1985,1
YNDX,1,20190115,151900,1985,1985,1985,1985,20
YNDX,1,20190115,152000,1985,1986,1985,1986,41
YNDX,1,20190115,152100,1985,1985,1985,1985,140
YNDX,1,20190115,152200,1986,1986,1985.5,1986,8
YNDX,1,20190115,152300,1985,1985,1985,1985,103
YNDX,1,20190115,152400,1986,1986,1985,1985,17
YNDX,1,20190115,152700,1986,1986,1985,1985,29
YNDX,1,20190115,152800,1985,1985,1985,1985,120
YNDX,1,20190115,152900,1985,1985.5,1985,1985,198
YNDX,1,20190115,153000,1985,1985,1985,1985,80
YNDX,1,20190115,153100,1985,1985.5,1985,1985.5,41
YNDX,1,20190115,153200,1985,1985,1985,1985,40
YNDX,1,20190115,153300,1985,1985,1985,1985,35
YNDX,1,20190115,153400,1985,1985,1985,1985,41
YNDX,1,20190115,153500,1985,1985.5,1985,1985,161
YNDX,1,20190115,153600,1985,1985,1985,1985,80
YNDX,1,20190115,153700,1985,1985,1985,1985,20
YNDX,1,20190115,153800,1985,1985,1985,1985,5
YNDX,1,20190115,153900,1985.5,1985.5,1985.5,1985.5,7
YNDX,1,20190115,154100,1985,1985.5,1985,1985.5,472
YNDX,1,20190115,154200,1985,1985,1985,1985,6
YNDX,1,20190115,154300,1985,1985,1985,1985,21
YNDX,1,20190115,154400,1985,1985.5,1985,1985.5,209
YNDX,1,20190115,154500,1985.5,1985.5,1985,1985,3
YNDX,1,20190115,154600,1985.5,1985.5,1985,1985,8
YNDX,1,20190115,154700,1985,1985,1985,1985,13
YNDX,1,20190115,154900,1985,1985.5,1985,1985.5,55
YNDX,1,20190115,155100,1985.5,1985.5,1985.5,1985.5,15
YNDX,1,20190115,155300,1985.5,1985.5,1985.5,1985.5,1
YNDX,1,20190115,155400,1985.5,1986.5,1985.5,1986.5,9
YNDX,1,20190115,155500,1985,1985,1985,1985,2
YNDX,1,20190115,155600,1986,1986,1986,1986,2
YNDX,1,20190115,155700,1985,1985,1985,1985,1
YNDX,1,20190115,155800,1985.5,1987,1985.5,1987,150
YNDX,1,20190115,155900,1985.5,1985.5,1985.5,1985.5,15
YNDX,1,20190115,160000,1985.5,1985.5,1985,1985,22
YNDX,1,20190115,160100,1985.5,1986,1985.5,1986,220
YNDX,1,20190115,160300,1986.5,1987,1986.5,1987,500
YNDX,1,20190115,160400,1987,1987,1987,1987,2
YNDX,1,20190115,160500,1985.5,1987,1985.5,1987,12
YNDX,1,20190115,160700,1987,1987,1987,1987,12
YNDX,1,20190115,160900,1986,1986.5,1985.5,1986.5,25
YNDX,1,20190115,161000,1985.5,1985.5,1985.5,1985.5,10
YNDX,1,20190115,161100,1986.5,1986.5,1986.5,1986.5,5
YNDX,1,20190115,161200,1985.5,1985.5,1985,1985,113
YNDX,1,20190115,161300,1985.5,1985.5,1985,1985,19
YNDX,1,20190115,161400,1985.5,1987,1985.5,1985.5,346
YNDX,1,20190115,161500,1985.5,1986.5,1985,1986.5,96
YNDX,1,20190115,161600,1986.5,1986.5,1985.5,1985.5,55
YNDX,1,20190115,161800,1985.5,1987,1985.5,1987,118
YNDX,1,20190115,161900,1986,1987,1986,1987,56
YNDX,1,20190115,162000,1986,1986,1985.5,1985.5,20
YNDX,1,20190115,162100,1985.5,1985.5,1985,1985,118
YNDX,1,20190115,162300,1986.5,1986.5,1985,1986.5,23
YNDX,1,20190115,162400,1985,1985,1985,1985,22
YNDX,1,20190115,162500,1986.5,1987,1986.5,1987,143
YNDX,1,20190115,162600,1986.5,1988,1986,1986,1083
YNDX,1,20190115,162700,1986,1988,1986,1986.5,33
YNDX,1,20190115,162800,1986.5,1988,1986.5,1988,24
YNDX,1,20190115,162900,1988,1988,1988,1988,15
YNDX,1,20190115,163000,1987,1987.5,1986.5,1987.5,103
YNDX,1,20190115,163100,1987,1988,1987,1987,42
YNDX,1,20190115,163200,1988,1988,1987.5,1987.5,13
YNDX,1,20190115,163300,1988,1988,1987.5,1987.5,12
YNDX,1,20190115,163400,1988,1988,1987.5,1988,57
YNDX,1,20190115,163500,1987.5,1987.5,1987,1987.5,148
YNDX,1,20190115,163600,1987,1987.5,1987,1987,86
YNDX,1,20190115,163700,1987,1987.5,1987,1987,233
YNDX,1,20190115,163800,1987,1987.5,1987,1987,41
YNDX,1,20190115,163900,1987.5,1987.5,1987.5,1987.5,26
YNDX,1,20190115,164100,1987.5,1987.5,1987.5,1987.5,55
YNDX,1,20190115,164200,1987.5,1987.5,1987,1987,36
YNDX,1,20190115,164300,1987,1987,1987,1987,178
YNDX,1,20190115,164400,1988,1988,1987,1988,47
YNDX,1,20190115,164500,1988,1988.5,1988,1988,467
YNDX,1,20190115,164600,1988.5,1988.5,1988.5,1988.5,2
YNDX,1,20190115,164700,1988.5,1988.5,1988,1988,519
YNDX,1,20190115,164800,1988,1988,1987.5,1987.5,210
YNDX,1,20190115,164900,1987.5,1987.5,1987.5,1987.5,92
YNDX,1,20190115,165000,1987.5,1987.5,1987,1987,160
YNDX,1,20190115,165100,1987,1988,1987,1987.5,42
YNDX,1,20190115,165200,1987.5,1988,1987.5,1987.5,168
YNDX,1,20190115,165300,1987.5,1991.5,1987.5,1990,623
YNDX,1,20190115,165400,1989.5,1991,1989,1989,103
YNDX,1,20190115,165500,1989,1989,1988.5,1988.5,161
YNDX,1,20190115,165600,1988.5,1991,1988.5,1989,153
YNDX,1,20190115,165700,1989,1990.5,1988.5,1988.5,156
YNDX,1,20190115,165800,1988.5,1990,1987,1987,1372
YNDX,1,20190115,165900,1988,1989.5,1988,1989.5,77
YNDX,1,20190115,170000,1988.5,1989.5,1987,1989.5,230
YNDX,1,20190115,170100,1988.5,1989,1987,1988.5,400
YNDX,1,20190115,170200,1988,1988.5,1987,1988.5,51
YNDX,1,20190115,170300,1989,1989,1989,1989,1
YNDX,1,20190115,170600,1989,1989,1989,1989,42
YNDX,1,20190115,170800,1989,1989,1989,1989,1
YNDX,1,20190115,170900,1988.5,1991,1988,1989.5,527
YNDX,1,20190115,171000,1989.5,1990,1989.5,1990,5
YNDX,1,20190115,171100,1990,1990,1990,1990,8
YNDX,1,20190115,171200,1989.5,1989.5,1988,1988,453
YNDX,1,20190115,171300,1989,1989,1988,1988,114
YNDX,1,20190115,171400,1988,1989,1988,1989,18
YNDX,1,20190115,171500,1988.5,1988.5,1988.5,1988.5,1
YNDX,1,20190115,171600,1989,1989,1989,1989,25
YNDX,1,20190115,171700,1988,1989,1988,1988,124
YNDX,1,20190115,171900,1988,1988,1988,1988,92
YNDX,1,20190115,172000,1988,1988,1988,1988,26
YNDX,1,20190115,172200,1988,1988.5,1988,1988.5,58
YNDX,1,20190115,172300,1988.5,1988.5,1988,1988,7
YNDX,1,20190115,172400,1988,1988,1987,1987,80
YNDX,1,20190115,172500,1988.5,1989,1988.5,1989,60
YNDX,1,20190115,172600,1988,1988,1988,1988,12
YNDX,1,20190115,172700,1989,1989,1987,1987,105
YNDX,1,20190115,172800,1987,1987,1986.5,1986.5,320
YNDX,1,20190115,172900,1986.5,1988.5,1986,1986,2081
YNDX,1,20190115,173000,1986,1986,1985.5,1985.5,71
YNDX,1,20190115,173100,1987.5,1992.5,1985,1989,4065
YNDX,1,20190115,173200,1991,1995.5,1990.5,1994.5,5807
YNDX,1,20190115,173300,1992.5,1992.5,1991.5,1991.5,34
YNDX,1,20190115,173400,1993.5,1997,1993.5,1995,2916
YNDX,1,20190115,173500,1994,1995,1993,1994.5,697
YNDX,1,20190115,173600,1995.5,2000,1995.5,1997.5,10819
YNDX,1,20190115,173700,1998,2004,1998,2000.5,7080
YNDX,1,20190115,173800,2000.5,2005,1999.5,2003,2884
YNDX,1,20190115,173900,2002.5,2002.5,2000,2000,1060
YNDX,1,20190115,174000,2000,2004.5,2000,2004.5,1231
YNDX,1,20190115,174100,2005,2006.5,2003,2003,436
YNDX,1,20190115,174200,2003,2004.5,2003,2003,636
YNDX,1,20190115,174300,2003,2004,2003,2003,417
YNDX,1,20190115,174400,2003.5,2004.5,2003,2004.5,130
YNDX,1,20190115,174500,2003,2004.5,2003,2003,413
YNDX,1,20190115,174600,2004,2004.5,2003,2004.5,3879
YNDX,1,20190115,174700,2003.5,2005,2003,2003.5,1011
YNDX,1,20190115,174800,2003,2004.5,2003,2003,669
YNDX,1,20190115,174900,2003,2003.5,1998,1998,6302
YNDX,1,20190115,175000,1999,2000,1997,1997,525
YNDX,1,20190115,175100,1997,1998,1997,1998,86
YNDX,1,20190115,175200,1999,1999.5,1999,1999.5,15
YNDX,1,20190115,175300,1999,1999,1996,1997,4254
YNDX,1,20190115,175400,1998,1998,1996,1996,124
YNDX,1,20190115,175500,1998,1998,1996.5,1996.5,466
YNDX,1,20190115,175600,1997,1998,1996,1997,53
YNDX,1,20190115,175700,1997,1998,1997,1997,243
YNDX,1,20190115,175800,1997,1998,1997,1997,43
YNDX,1,20190115,175900,1997,1998,1997,1997,156
YNDX,1,20190115,180000,1997,2002.5,1997,2002.5,2056
YNDX,1,20190115,180100,2003,2004.5,2002,2004,412
YNDX,1,20190115,180200,2004.5,2005,2004,2004,796
YNDX,1,20190115,180300,2004,2009.5,2003.5,2009,4933
YNDX,1,20190115,180400,2009,2009.5,2007.5,2009,513
YNDX,1,20190115,180500,2008.5,2009,2005,2006,975
YNDX,1,20190115,180600,2006,2006.5,2002,2004.5,982
YNDX,1,20190115,180700,2004.5,2008,2004.5,2008,376
YNDX,1,20190115,180800,2008.5,2009.5,2007.5,2007.5,513
YNDX,1,20190115,180900,2007.5,2007.5,2006.5,2006.5,212
YNDX,1,20190115,181000,2006.5,2006.5,2004,2006,445
YNDX,1,20190115,181100,2004.5,2005,2003,2003.5,383
YNDX,1,20190115,181200,2003.5,2003.5,2003,2003,282
YNDX,1,20190115,181300,2002.5,2002.5,2000.5,2002,176
YNDX,1,20190115,181400,2002,2002,2000,2000,1034
YNDX,1,20190115,181500,2000,2001.5,1999,1999,4877
YNDX,1,20190115,181600,1999,2001,1999,2000,300
YNDX,1,20190115,181700,2000,2001,2000,2000,26
YNDX,1,20190115,181800,2001,2001.5,2001,2001.5,231
YNDX,1,20190115,181900,2001.5,2003.5,2001.5,2003.5,238
YNDX,1,20190115,182000,2002,2002,2000,2002,474
YNDX,1,20190115,182100,2000,2002,2000,2001.5,710
YNDX,1,20190115,182200,2000.5,2001.5,1997,1997,2686
YNDX,1,20190115,182300,1998.5,1998.5,1995.5,1997,841
YNDX,1,20190115,182400,1999,2000,1997.5,1998.5,609
YNDX,1,20190115,182500,1999,2000,1997,1999,329
YNDX,1,20190115,182600,1999,2000,1997,1998,996
YNDX,1,20190115,182700,1998.5,1999.5,1998,1998.5,124
YNDX,1,20190115,182800,1999.5,2000,1999,2000,153
YNDX,1,20190115,183000,2000,2000,1996.5,1996.5,1146
YNDX,1,20190115,183100,1997,1998,1997,1998,218
YNDX,1,20190115,183200,1997,1997,1996,1996.5,238
YNDX,1,20190115,183300,1997.5,1997.5,1996.5,1996.5,12
YNDX,1,20190115,183400,1996.5,1996.5,1996.5,1996.5,3
YNDX,1,20190115,183500,1998,1998,1997,1998,80
YNDX,1,20190115,183600,1998,1998,1996.5,1997,316
YNDX,1,20190115,183700,1997,1997,1996,1996.5,346
YNDX,1,20190115,183800,1996.5,1999.5,1996.5,1998.5,1732
YNDX,1,20190115,183900,1997,1999.5,1997,1999.5,854
YNDX,1,20190115,184500,1999.5,1999.5,1999.5,1999.5,1413
YNDX,1,20190115,184600,1999.5,1999.5,1999.5,1999.5,26
YNDX,1,20190115,184700,1999.5,1999.5,1999.5,1999.5,153
YNDX,1,20190115,184800,1999.5,1999.5,1999.5,1999.5,24
YNDX,1,20190115,184900,1999.5,1999.5,1999.5,1999.5,50
